<?xml version='1.0'?>
<home version='7000' exportFlags='27' name='plan14.sh3d' structure='HomeStructure/Home.obj' camera='observerCamera'>
  <environment groundColor='00A8A8A8' skyColor='00CCE4FC' lightColor='00D0D0D0'>
    <observerCamera attribute='cameraPath' id='observerCamera-4ef3cd0b-b615-45b6-841a-9968465c3426' lens='PINHOLE' x='-42.905853' y='1652.2755' z='170.0' yaw='4.6483474' pitch='0.08634945' fieldOfView='1.0995575' time='1679832000000'/>
    <observerCamera attribute='cameraPath' id='observerCamera-8635716c-5bca-465d-ad6c-9e171fd25142' lens='PINHOLE' x='920.9876' y='1408.2206' z='170.0' yaw='4.6483474' pitch='0.08634945' fieldOfView='1.0995575' time='1679832000000'/>
    <observerCamera attribute='cameraPath' id='observerCamera-93fb2e09-8acb-415c-94ce-2d3d39f238ba' lens='PINHOLE' x='1524.9618' y='1366.3121' z='170.0' yaw='4.6483474' pitch='0.08634945' fieldOfView='1.0995575' time='1679832000000'/>
    <observerCamera attribute='cameraPath' id='observerCamera-702b4470-451b-49c5-97ef-08d3e40bd6b9' lens='PINHOLE' x='1722.1779' y='1361.3817' z='170.0' yaw='4.6483474' pitch='0.08634945' fieldOfView='1.0995575' time='1679832000000'/>
    <observerCamera attribute='cameraPath' id='observerCamera-d300761c-36ae-42e4-b331-701e7b8e9127' lens='PINHOLE' x='1917.7941' y='1471.71' z='170.0' yaw='3.5883477' pitch='0.13634947' fieldOfView='1.0995575' time='1679832000000'/>
    <observerCamera attribute='cameraPath' id='observerCamera-7977a327-9fb2-4584-8c29-39e0afeebc5b' lens='PINHOLE' x='1996.6803' y='1244.9115' z='170.0' yaw='3.5883477' pitch='0.13634947' fieldOfView='1.0995575' time='1679832000000'/>
    <observerCamera attribute='cameraPath' id='observerCamera-863b846a-395f-4b80-89f5-c0c791c7f951' lens='PINHOLE' x='2060.7754' y='1023.04333' z='199.5824' yaw='3.9433482' pitch='0.1663494' fieldOfView='1.0995575' time='1679832000000'/>
    <observerCamera attribute='cameraPath' id='observerCamera-ec81cc0f-5dfd-45fc-99e9-0559a3a894a5' lens='PINHOLE' x='2060.7754' y='1023.04333' z='199.5824' yaw='-5.831652' pitch='0.4663493' fieldOfView='1.0995575' time='1679832000000'/>
    <observerCamera attribute='cameraPath' id='observerCamera-94b2bbba-3c26-42fd-af6e-65beea9b4eba' lens='PINHOLE' x='1957.2368' y='1163.5598' z='199.5824' yaw='-5.831652' pitch='0.4663493' fieldOfView='1.0995575' time='1679832000000'/>
    <observerCamera attribute='cameraPath' id='observerCamera-0c5ec928-d137-4979-81b5-f782b741cf24' lens='PINHOLE' x='1915.3284' y='1220.2594' z='199.5824' yaw='-3.5516527' pitch='0.5063492' fieldOfView='1.0995575' time='1679832000000'/>
    <observerCamera attribute='cameraPath' id='observerCamera-3ff94d47-17da-4fb9-9515-114fcd32ee04' lens='PINHOLE' x='1716.2054' y='1199.24' z='199.5824' yaw='-8.956653' pitch='0.5813491' fieldOfView='1.0995575' time='1679832000000'/>
  </environment>
  <observerCamera attribute='observerCamera' lens='PINHOLE' x='1167.6166' y='3487.5847' z='2500.0' yaw='-8.889493' pitch='0.5707966' fieldOfView='1.0995575' time='1679832000000'/>
  <camera attribute='topCamera' lens='PINHOLE' x='1266.8928' y='759.2105' z='1779.1146' yaw='5.886594' pitch='1.0549988' fieldOfView='1.0995575' time='1679832000000'/>
  <pieceOfFurniture catalogId='Blend Swap CC-BY#cornerSofa' name='Corner sofa' creator='Nikitron' model='2/cornerSofa.obj' x='2366.683' y='2035.2382' angle='1.5707964' width='345.80002' depth='155.0' height='85.5'/>
  <doorOrWindow catalogId='Artist373#frenchDoors' name='Sliding French doors' creator='Pencilart' model='4/model.obj' x='1928.5735' y='2168.6775' angle='1.5707964' width='239.2' depth='28.10075' height='210.0' movable='false'/>
  <doorOrWindow catalogId='Artist373#frenchDoors' name='Sliding French doors' creator='Pencilart' model='4/model.obj' x='1677.414' y='1796.1588' angle='1.5707964' width='239.2' depth='28.10075' height='210.0' movable='false'/>
  <doorOrWindow catalogId='Scopia#turn-window' name='Turn window' creator='Scopia' model='6/turn-window.obj' x='2472.6497' y='2269.3665' elevation='104.0' angle='1.5618441' width='59.0' depth='37.935753' height='102.0' movable='false'/>
  <doorOrWindow catalogId='eTeks#door' name='Door' creator='eTeks' model='8/model.obj' x='1759.637' y='1364.3093' angle='1.5707964' width='91.4' depth='54.720814' height='208.3' modelMirrored='true' movable='false'/>
  <doorOrWindow catalogId='eTeks#door' name='Door' creator='eTeks' model='8/model.obj' x='1635.6244' y='1101.6589' angle='3.1415927' width='91.4' depth='54.720814' height='208.3' modelMirrored='true' movable='false'/>
  <pieceOfFurniture catalogId='OlaKristianHoff#staircase_180_landing' name='Half landing staircase' creator='Ola-Kristian Hoff' model='10/staircase_180_landing.obj' x='2308.0544' y='1263.6178' angle='1.5707964' width='200.0' depth='260.0' height='349.0' movable='false'/>
  <pieceOfFurniture catalogId='Blend Swap CC-BY#lettoCloud' name='Bed' creator='Fabbyone &amp; eTeks' model='12/lettoCloud.obj' x='1475.6119' y='1233.5222' angle='1.7484555E-7' width='188.90001' depth='216.5' height='78.8'/>
  <pieceOfFurniture catalogId='Bettinelli#armoireLotus' name='Wardrobe' creator='Gaël Bettinelli' model='14/armoireLotus.obj' x='1721.4001' y='1215.0222' angle='1.5707964' width='179.5' depth='67.5' height='221.40001'/>
  <pieceOfFurniture catalogId='Snduc#bacADouchePlat' name='Shower cubicle' creator='Snduc' model='16/model.obj' x='1322.7942' y='1012.1722' width='90.0' depth='170.0' height='6.5' modelRotation='0 0 1 0 1 0 -1 0 0' movable='false'/>
  <pieceOfFurniture catalogId='Scopia#bathroom4' name='Washbasin' creator='Scopia' model='18/bathroom4.obj' x='1534.645' y='956.6837' elevation='46.0' width='61.5' depth='61.5' height='50.0' movable='false'/>
  <pieceOfFurniture catalogId='LucaPresidente#water' name='Toilet unit' creator='LucaPresidente' model='20/water.obj' x='1442.126' y='953.7837' width='36.0' depth='55.7' height='45.3'/>
  <doorOrWindow catalogId='eTeks#door' name='Door' creator='eTeks' model='8/model.obj' x='2040.4976' y='1159.131' angle='1.7484555E-7' width='91.4' depth='54.720814' height='208.3' modelMirrored='true' movable='false'/>
  <doorOrWindow catalogId='eTeks#doubleWindow126x123' name='Double small window' creator='eTeks' model='22/model.obj' x='2387.8013' y='1022.1406' elevation='87.0' angle='4.712389' width='132.1' depth='38.542713' height='134.0' movable='false'/>
  <furnitureGroup name='Group -1-' x='1801.6587' y='1823.3462' angle='1.5707964' width='235.00024' depth='220.38892' height='90.17'>
    <pieceOfFurniture catalogId='Blend Swap CC-0#table' name='Table' creator='MZiemys' model='24/table.obj' x='1805.9747' y='1823.3462' angle='1.5707978' width='235.0' depth='100.0' height='73.9'/>
    <pieceOfFurniture catalogId='eTeks#chair' name='Chair' creator='eTeks' model='26/model.obj' x='1889.2316' y='1830.9899' angle='1.5707978' width='40.005' depth='41.91' height='90.17'/>
    <pieceOfFurniture catalogId='eTeks#chair' name='Chair' creator='eTeks' model='26/model.obj' x='1890.8982' y='1744.7383' angle='1.5707978' width='40.005' depth='41.91' height='90.17'/>
    <pieceOfFurniture catalogId='eTeks#chair' name='Chair' creator='eTeks' model='26/model.obj' x='1889.8583' y='1913.2202' angle='1.5707978' width='40.005' depth='41.91' height='90.17'/>
    <pieceOfFurniture catalogId='eTeks#chair' name='Chair' creator='eTeks' model='26/model.obj' x='1722.2405' y='1900.1444' angle='4.7123895' width='40.005' depth='41.91' height='90.17'/>
    <pieceOfFurniture catalogId='eTeks#chair' name='Chair' creator='eTeks' model='26/model.obj' x='1717.6097' y='1823.4647' angle='4.7123895' width='40.005' depth='41.91' height='90.17'/>
    <pieceOfFurniture catalogId='eTeks#chair' name='Chair' creator='eTeks' model='26/model.obj' x='1712.4192' y='1749.2415' angle='4.7123895' width='40.005' depth='41.91' height='90.17'/>
  </furnitureGroup>
  <pieceOfFurniture catalogId='Kator Legaz#fridge' name='Fridge' creator='Kator Legaz' model='28/fridge.obj' x='2272.8408' y='1433.4155' width='60.0' depth='59.100002' height='126.200005'/>
  <furnitureGroup name='Group -3-' x='2413.183' y='1616.2332' angle='1.5707964' width='437.4707' depth='62.000244' height='99.0'>
    <pieceOfFurniture catalogId='Pastierovic#cabinetWithBasin' name='Gray cabinet with basin' creator='Robert Pastierovic' model='30/model.obj' x='2413.1829' y='1535.0977' angle='1.5707964' width='80.0' depth='62.0' height='99.0'/>
    <pieceOfFurniture catalogId='Blend Swap CC-BY#kitchenLowerCabinet' name='Lower cabinet' creator='Jay-Artist' model='32/kitchenLowerCabinet.obj' x='2413.3828' y='1446.2979' angle='1.5707964' width='97.6' depth='61.600002' height='87.8'/>
    <pieceOfFurniture catalogId='Blend Swap CC-BY#kitchenLowerCabinet' name='Lower cabinet' creator='Jay-Artist' model='32/kitchenLowerCabinet.obj' x='2413.383' y='1623.8978' angle='1.5707964' width='97.6' depth='61.600002' height='87.8'/>
    <pieceOfFurniture catalogId='Kator Legaz#propane-stove' name='Propane stove' creator='Kator Legaz' model='34/propane-stove.obj' x='2414.3826' y='1707.3186' angle='1.5707964' width='60.100002' depth='59.600002' height='58.4'/>
    <pieceOfFurniture catalogId='Blend Swap CC-BY#kitchenLowerCabinet' name='Lower cabinet' creator='Jay-Artist' model='32/kitchenLowerCabinet.obj' x='2413.3826' y='1786.1685' angle='1.5707964' width='97.6' depth='61.600002' height='87.8'/>
  </furnitureGroup>
  <furnitureGroup name='Group -2-' x='2213.579' y='1734.2379' angle='1.5707964' width='200.0' depth='102.90015' height='83.1'>
    <pieceOfFurniture catalogId='Blend Swap CC-BY#kitchenIsland' name='Island' creator='Jay-Artist' model='36/kitchenIsland.obj' x='2230.079' y='1734.2379' angle='1.5707964' width='200.0' depth='69.9' height='83.1'/>
    <pieceOfFurniture catalogId='Geantick#barStool' name='Bar stool' creator='Geantick' model='38/model.obj' x='2178.629' y='1800.9808' angle='3.1415925' width='33.0' depth='33.0' height='74.0' modelRotation='1 0 0 0 0 1 0 -1 0'/>
    <pieceOfFurniture catalogId='Geantick#barStool' name='Bar stool' creator='Geantick' model='38/model.obj' x='2178.629' y='1730.5194' angle='3.1415925' width='33.0' depth='33.0' height='74.0' modelRotation='1 0 0 0 0 1 0 -1 0'/>
    <pieceOfFurniture catalogId='Geantick#barStool' name='Bar stool' creator='Geantick' model='38/model.obj' x='2178.6292' y='1666.6906' angle='3.1415925' width='33.0' depth='33.0' height='74.0' modelRotation='1 0 0 0 0 1 0 -1 0'/>
  </furnitureGroup>
  <doorOrWindow catalogId='OlaKristianHoff#window_double_3x3' name='Double small window 3x3 panes' creator='Ola-Kristian Hoff' model='40/window_double_3x3.obj' x='2458.6863' y='1642.1508' elevation='131.0' angle='4.712389' width='240.0' depth='29.007202' height='90.0' movable='false'/>
  <pieceOfFurniture catalogId='Blend Swap CC-BY#fordFocus' name='Ford Focus' creator='Ruff' model='42/fordFocus.obj' x='1130.0559' y='2084.0947' angle='4.104843' width='204.5' depth='435.80002' height='155.1'/>
  <pieceOfFurniture catalogId='OlaKristianHoff#pine' name='Pine' creator='Ola-Kristian Hoff' model='44/pine.obj' x='2531.2585' y='2526.5708' width='340.0' depth='320.0' height='600.0' movable='false'/>
  <pieceOfFurniture catalogId='Blend Swap CC-BY#fordFocus' name='Ford Focus' creator='Ruff' model='42/fordFocus.obj' x='990.65735' y='1872.7705' angle='4.104843' width='204.5' depth='435.80002' height='155.1'/>
  <doorOrWindow catalogId='Artist373#frenchDoors' name='Sliding French doors' creator='Pencilart' model='4/model.obj' x='2103.3806' y='2331.831' angle='0.0014842214' width='239.2' depth='28.10075' height='210.0' movable='false'/>
  <pieceOfFurniture catalogId='DaniFeri#outdoor_staircase' name='Outdoor staircase' creator='DaniFeri' model='46/outdoor_staircase.obj' x='1326.5554' y='2201.9536' angle='0.9642927' width='128.0' depth='282.0' height='205.5' movable='false'/>
  <pieceOfFurniture catalogId='RogerLonqueux#portillon' name='Gate' creator='Roger Lonqueux' model='48/model.obj' x='1361.4989' y='2176.3828' elevation='10.0' angle='0.9384649' width='122.0' depth='6.5' height='110.0'/>
  <pieceOfFurniture catalogId='Kator Legaz#concrete-sidewalk' name='Concrete sidewalk' creator='Kator Legaz' model='50/concrete-sidewalk.obj' x='1493.3796' y='2107.7622' angle='4.0979385' width='150.0' depth='96.2' height='16.1'/>
  <pieceOfFurniture catalogId='Kator Legaz#concrete-sidewalk' name='Concrete sidewalk' creator='Kator Legaz' model='50/concrete-sidewalk.obj' x='1526.9874' y='2214.6787' angle='4.712389' width='150.0' depth='96.2' height='16.1'/>
  <pieceOfFurniture catalogId='Kator Legaz#concrete-sidewalk' name='Concrete sidewalk' creator='Kator Legaz' model='50/concrete-sidewalk.obj' x='1499.4805' y='2008.1766' angle='1.5707964' width='150.0' depth='96.2' height='16.1'/>
  <doorOrWindow catalogId='OlaKristianHoff#window_double_3x3' name='Double small window 3x3 panes' creator='Ola-Kristian Hoff' model='40/window_double_3x3.obj' x='1257.932' y='1256.773' elevation='131.0' angle='1.5624328' width='135.0' depth='29.007202' height='90.0' movable='false'/>
  <doorOrWindow catalogId='OlaKristianHoff#window_double_3x3' name='Double small window 3x3 panes' creator='Ola-Kristian Hoff' model='40/window_double_3x3.obj' x='1477.5586' y='1446.1133' elevation='131.0' width='135.0' depth='29.007202' height='90.0' movable='false'/>
  <pieceOfFurniture catalogId='LucaPresidente#water' name='Toilet unit' creator='LucaPresidente' model='20/water.obj' x='1921.7496' y='978.3036' angle='1.5707964' width='36.0' depth='55.7' height='45.3' modelMirrored='true'/>
  <pieceOfFurniture catalogId='OlaKristianHoff#wash_basin_corner' name='Corner washbasin' creator='Ola-Kristian Hoff' model='52/wash_basin_corner.obj' x='1924.5996' y='1070.2258' elevation='15.0' angle='1.5707964' width='50.0' depth='50.0' height='81.0'/>
  <doorOrWindow catalogId='OlaKristianHoff#window_double_3x3' name='Double small window 3x3 panes' creator='Ola-Kristian Hoff' model='40/window_double_3x3.obj' x='2458.6863' y='1271.6727' elevation='131.0' angle='4.712389' width='120.0' depth='29.007202' height='90.0' movable='false'/>
</home>